,text,audio_file
73,ਔਲਰਡ ਪਜਬ ਘਮਦਗ ਜ,c:\Users\prash\Downloads\ai_speech_project\Punjabi\rv1b\train\69d1c4c3-56b8-4aec-b355-739cbcffabb2_0.wav
61,ਨ ਕਈ ਫਕਸ ਕਰ ਸਕਦ ਭਜ,c:\Users\prash\Downloads\ai_speech_project\Punjabi\rv1b\train\69d1c4c3-56b8-4aec-b355-739cbcffabb2_0.wav
55,ਹਜ ਹਜ ਭਜ,c:\Users\prash\Downloads\ai_speech_project\Punjabi\rv1b\train\69d1c4c3-56b8-4aec-b355-739cbcffabb2_0.wav
40,ਹਲ ਸਰ ਮ ਸਜਨ ਬਲ ਰਹ ਆ  ਮ ਥਆਨ ਕਬ ਬਕ ਕਰਨ ਲਈ ਕਲ ਕਤ ਸ ਅਸ ਸਰ ਮਰ ਫਮਲ ਨਣ ਦਵ ਜਉਗ ਇਸ ਲਈ ਮ ਥਆਨ ਕਲ ਕਤ ਸ ਕਆ ਤਸ ਸਡ ਲਈ ਕਬ ਬਕ ਕਰ ਸਕਦ ਓ ਜ ਤਸ ਫਰ ਓ ਤ ਸਨ ਦਸ ਦ ਸਨ ਕਲਹ ਮਤ ਉਨ ਤਰਕ ਨ ਨਣ ਦਵ ਜਣ ਏ ਤਸ ਸਵਰ ਸਨ ਸਵਰ ਦ ਸਤ ਵਜ ਸਨ ਘਰ ਤ ਪਕਅਪ ਕਰ ਲਓ ਤ ਸਨ ਪਹਲ ਦਪਹਰ ਬਰਹ ਕ ਵਜ ਸਨ ਕਈ ਵਧਆ ਜਹ ਰਸਟਰਟ ਲ ਜਇਓ ਤ ਕ ਅਸ ਲਚ ਕਰ ਸਕਏ ਫਰ ਉਸ ਤ ਬਅਦ ਸਨ ਸਡ ਨਣ ਦਵ ਸਨ ਚਗ ਤਰਹ ਮਥ ਟਕ ਦਓ ਤ ਕਈ ਵਧਆ ਜਹ,c:\Users\prash\Downloads\ai_speech_project\Punjabi\rv1b\train\5066549580827068.wav
9,ਕ ਤਸ ਐਪਲਕਸਨ ਆਈ ਡ ਐਮ ਐਸ ਦ ਜਰ ਦ ਦ ਪਜ ਚਰ ਦ ਪਜ ਨ ਪਜ ਪਜ ਨ ਇਕ ਸਤ ਪਜ ਤਨ ਅਤ ਜਨਮ ਮਤ ਤਰਹ ਤਨ ਦ ਹਰ ਬਈ ਦ ਨਲ ਉਪਭਗਤ ਦ ਏਨ ਐਸ ਪ ਤ ਜਮਹ ਕਤਆ ਸਰਆ ਫਰਸ਼ ਸਕਲਰਸਪ ਅਰਜਆ ਨ ਸਚਬਧ ਕਰ ਸਕਦ ਹ,c:\Users\prash\Downloads\ai_speech_project\Punjabi\rv1b\train\5066549580808843.wav
64,ਭਜ ਫਰ ਸਰ ਪਜਬ ਘਮਊਗ,c:\Users\prash\Downloads\ai_speech_project\Punjabi\rv1b\train\69d1c4c3-56b8-4aec-b355-739cbcffabb2_0.wav
5,ਯਜ ਵ ਕਰ ਸਕਦ ਹਨ,c:\Users\prash\Downloads\ai_speech_project\Punjabi\rv1b\train\5066549580803154.wav
47,ਦਸ ਕਲ ਹਵ ਬਨ ਰਕਰਡਡ,c:\Users\prash\Downloads\ai_speech_project\Punjabi\rv1b\train\69d1c4c3-56b8-4aec-b355-739cbcffabb2_0.wav
34,ਸਖਆ ਹਰ ਇਨਸਨ ਦ ਮਢਲ ਹਕ ਹ ਅਸ ਬਹਤ ਹ ਕਸਮਤ ਵਲ ਹ ਕ ਸਨ ਸਖਆ ਦ ਚਗ ਮਕ ਪਰਪਤ ਹਏ ਹਨ ਮਰ ਮਤ ਪਤ ਜ ਪਹ ਲਖ ਹਨ ਮਰ ਮਤ ਜ ਐਮ ਐਸ ਸ ਨਰਸਗ ਹਨ ਅਤ ਮਰ ਪਤ ਜ ਬ ਐਸ ਸ ਐਲ ਐਲ ਬ ਹਨ ਮਰ ਮਤ ਜ ਇਕ ਪਰਸਪਲ ਹਨ ਅਤ ਮਰ ਪਤ ਜ ਇਕ ਵਕਲ ਹਨ ਮਰ ਦਦ ਦਦ ਜ ਦਸਵ ਤਕ ਪਹ ਸਨ ਉਹਨ ਦ ਵਲ ਸਖਆ ਦ ਜਆਦ ਮਕ ਨਹ ਸਨ ਕਉਕ ਉਸ ਸਮ ਨ ਤ ਐਨ ਸਕਲ ਅਤ ਕਲਜ ਸਨ ਅਤ ਨ ਹ ਲਕ ਵਚ ਐਨ ਜਗਰਕਤ ਸ ਕ ਸਖਆ ਦ ਕ ਲਭ ਹਨ ਅਤ ਸਖਆ ਜਦਗ ਵਚ ਕਉ ਜਰਰ ਹ,c:\Users\prash\Downloads\ai_speech_project\Punjabi\rv1b\train\5066549580826204.wav
62,ਕਨ ਭਜ,c:\Users\prash\Downloads\ai_speech_project\Punjabi\rv1b\train\69d1c4c3-56b8-4aec-b355-739cbcffabb2_0.wav
42,ਹਲ ਸਰ ਮ ਤਹਡ ਤ ਪਹਲ ਇਕ ਵਰ ਅਸ ਤਹਡ ਤ ਜਨ ਔਡਰ ਕਤ ਸ ਤ ਉਹ ਕਫ ਆਦ ਅਸ ਸਚਆ ਸ ਬਹ ਵਧਆ ਆਉਗ ਪਰਡਕਟ ਜਵ ਕ ਸਨ ਦਖਦ ਕਛ ਹਰ ਐ ਬਅਦ ਚ ਆਦ ਕਛ ਹਰ ਤ ਅਸ ਮਤਲਬ ਕ ਜਨ ਔਡਰ ਕਤ ਸਗ ਉਹ ਸਨ ਐਨ ਵਧਆ ਲਗਆ ਕ ਚਲ ਅਸ ਮਗ ਲਈਏ ਬਟ ਉਹ ਜਦ ਅਸ ਔਡਰ ਕਤ ਤ ਜਦ ਇਕ ਹਫਤ ਬਅਦ ਆਇਆ ਤ ਉਹ ਰਗ ਵ ਥ ਜਹ ਉਡਆ ਵ ਤ ਤ ਕਫ ਆਦ ਲਸ ਸਗ ਤ ਮਤਲਬ ਅਨਪਰਫਕਟ ਸਗ ਮਤਲਬ ਅਠਈ ਅਸ ਅਠਈ ਕਮਰ ਮਗਈ ਸ ਉਹ ਵ ਸਨ ਤਹ ਬਤ ਕਮਰ ਸਗ ਤ ਸਰ ਕਛ ਅਨਪਰਫਕਟ ਸਗ ਕਛ ਵ ਵਧਆ ਨਹ ਸਗ,c:\Users\prash\Downloads\ai_speech_project\Punjabi\rv1b\train\5066549580827069.wav
54,ਭਜ ਕਹ ਕਹ ਦਸਓ ਮਨ,c:\Users\prash\Downloads\ai_speech_project\Punjabi\rv1b\train\69d1c4c3-56b8-4aec-b355-739cbcffabb2_0.wav
16,ਮਹਲ ਜਲਹ ਵਚ ਬਹਤ ਮਹਤਵਪਰਨ ਸਥਨ ਹਨ ਜਵ ਅਲਟ ਮਲ ਇਹ ਘਮਣ ਫਰਨ ਤ ਸਪਗ ਕਰਨ ਲਈ ਬਹਤ ਪਰਸਧ ਜਗਹ ਹ ਇਥ ਬਹਤ ਸਰ ਲਕ ਸਪਗ ਕਰਨ ਆਦ ਹਨ ਅਤ ਆਪਣਆ ਪਸਦਦ ਚਜ ਲ ਕ ਜਦ ਹਨ ਅਤ ਦਜ ਸਥਨ ਰਸਟਰਟ ਐਡ ਕਫ ਸਪ ਹ ਜਥ ਖਣ ਪਣ ਲਈ ਲਕ ਜਦ ਹਨ ਅਤ ਆਪਣ ਫਮਲ ਨਲ ਕਆਲਟ ਔਫ ਟਈਮ ਸਪਡ ਕਰਦ ਹਨ ਇਜਏ ਕਰਦ ਹਨ ਬਹਤ  ਗਰਦਆਰ ਮਦਰ ਇਥ ਮਖ ਸਥਨ ਹਨ ਅਤ ਇਨਹ ਨ ਬਹਤ ਸਰ ਲਕ ਮਨਦ ਹਨ ਤ ਇਥ ਬਹਤ ਸਰਆ ਮਨਕਮਨ ਪਰਆ ਹਦਆ ਹਨ  ਜਸ ਕਰਨ  ਇਹਨ ਦ ਬਹਤ ਮਨਅਤ ਬਣ ਹਈ ਹ ਅਤ ਰਸ ਗਰਡਨ ਐਡ ਰਕ ਗਰਡਨ ਵ ਇਕ ਪਰਸਧ ਜਗਹ ਹ ਇਸ ਜਲਹ ਦ ਇਥ ਬਹਤ ਸਰ ਲਕ ਨ ਆ ਕ ਸਤ ਮਲਦ ਹ ਅਤ ਉਹਨ ਨ ਬਹਤ ਵਧਆ ਮਹਸਸ ਹਦ ਹ ਇਥ ਬਹਤ ਸਰ ਫਲ ਲਗ ਹਏ ਹਨ ਕਛ  ਫਲ ਬਹਰ ਆਦ ਹਨ ਤ ਇਹਨ ਸਥਨ ਵਚ ਮਲ ਫਵਰਟ ਸਥਨ ਛਪਚ ਹ  ਜਥ ਸਡ ਗਰਆ ਦ ਜਗ ਹਈ ਸ ਅਤ ਮ ਜਦ ਵ ਇਸ ਸਥਨ ਵਚ ਜਦ ਹ ਬਹਤ ਮਣ ਮਹਸਸ ਕਰਦ ਹ ਅਤ ਮਨ ਬਹਤ ਖਸ ਮਹਸਸ ਹਦ ਹ,c:\Users\prash\Downloads\ai_speech_project\Punjabi\rv1b\train\5066549580813128.wav
39,ਪਰ ਜ  ਗਸ ਚਲ ਦ ਔਪਸਨ ਵ ਹ ਪਰ ਜਆਦਤਰ ਅਸ ਅਜ ਕਲਹ ਇਡਕਸਨ ਚਲ ਹ ਵਰਤਦ ਹ ਤ ਫਰਜ ਦ ਵਰਤ ਵ ਵਧ ਕਤ ਜਦ ਹ ਇਸ ਕਰਕ ਬਜਲ ਦ ਬਹਤ ਸਖਤ ਲ ਹ ਅਸ  ਇਨਵਰਟਰ ਵ ਵਰਤਦ ਹ ਪਰ ਇਨਵਰਟਰ ਜਆਦਤਰ ਪਖ  ਚਲਏ ਜ ਸਕਦ ਹਨ ਜ  ਬਹਤ ਘਟ ਮਤਰ ਵਚ ਬਜਲ ਵਰਤ ਸਕਦ ਹ ਇਨਵਰਟਰ ਦ ਥਰ ਸ ਸਨ ਬਜਲ ਦ ਬਹਤ ਲ ਹ,c:\Users\prash\Downloads\ai_speech_project\Punjabi\rv1b\train\5066549580826762.wav
56,ਹਜ,c:\Users\prash\Downloads\ai_speech_project\Punjabi\rv1b\train\69d1c4c3-56b8-4aec-b355-739cbcffabb2_0.wav
78,ਓਕ ਭਜ,c:\Users\prash\Downloads\ai_speech_project\Punjabi\rv1b\train\69d1c4c3-56b8-4aec-b355-739cbcffabb2_0.wav
7,ਕ ਮ ਯ ਏ ਐਨ ਨਬਰ ਚਰ ਇਕ ਇਕ ਛ ਛ ਚਰ ਇਕ ਅਠ ਸਤ ਤਨ ਅਠ ਚਰ ਦ ਵਰਤ ਕਰਕ ਪਸਬਕ ਬਕਇਆ ਜਚ ਕਰਨ ਲਈ ਕਸ ਹਰ ਮਬਇਲ ਨਬਰ ਨਲ ਈ ਪ ਐਫ ਓ ਪਰਟਲ 'ਤ ਲਗਇਨ ਕਰ ਸਕਦ ਹ,c:\Users\prash\Downloads\ai_speech_project\Punjabi\rv1b\train\5066549580803481.wav
50,ਮ ਕਹ ਭਜ ਪਜਬ ਤ ਬਲ ਰਹ ਜ,c:\Users\prash\Downloads\ai_speech_project\Punjabi\rv1b\train\69d1c4c3-56b8-4aec-b355-739cbcffabb2_0.wav
53,ਮ ਕਹ ਭਜ ਯਰ ਮ ਪਜਬ ਚ ਘਮਣ ਚਹਦ ਜ ਵਧਆ ਵਧਆ ਜਗਹ ਦਸ ਸਕਦ ਮਨ,c:\Users\prash\Downloads\ai_speech_project\Punjabi\rv1b\train\69d1c4c3-56b8-4aec-b355-739cbcffabb2_0.wav
19,ਪਜਬ ਭਸ ਪਜਬ ਵਚ ਬਲ ਜਣ ਵਲ ਇਕ ਮਖ ਪਸ ਹ ਮ ਵ ਮਹਲ ਪਜਬ ਦ ਇਕ ਮਹਲ ਜਲਹ ਵਚ ਰਹਦ ਹ ਜਥ ਪਜਬ ਹ ਬਲ ਜਦ ਹ ਇਸ ਭਸ ਨ ਲਕ ਬਹਤ ਹ ਆਸਨ ਨਲ ਬਲ ਬਲ ਬਲ ਲਦ ਹਨ ਪਜਬ ਭਸ ਬਹਤ ਹ ਆਸਨ ਨਲ ਬਲ ਜਦ ਹ ਸਕਲ ਵਚ ਵ ਇਹ ਭਸ ਸਰਕਰ ਨ ਹਣ ਲਜਮ ਕਰ ਦਤ ਹ ਪਹਲ ਇਹ ਲਜਮ ਨਹ ਸ ਬਟ ਸਰਕਰ ਨ ਹਣ ਇਹ ਬਹਤ ਚਗ ਕਮ ਕਤ ਹ ਕ ਇਸ ਨ ਹਰ ਖਤਰ ਵਚ ਲਜਮ ਕਰ ਦਤ ਹ ਕਲਜ ਵਚ ਵ ਇਹ ਲਜਮ ਹ ਚਕ ਹ ਤ ਸਨ ਆਪਣ ਪਜਬ ਭਸ ਤ ਬਹਤ ਹ ਆਦ ਮਨ ਹ ਸਡ ਘਰ ਵਚ ਵ ਹਰਕ ਕਈ ਪਜਬ ਹ ਬਲਦ ਹ ਪਜਬ ਭਸ ਬਹਤ ਹ ਆਸਨ ਨਲ ਬਲ ਜ ਸਕਦ ਹ,c:\Users\prash\Downloads\ai_speech_project\Punjabi\rv1b\train\5066549580813607.wav
66,ਭਜ ਯਰ,c:\Users\prash\Downloads\ai_speech_project\Punjabi\rv1b\train\69d1c4c3-56b8-4aec-b355-739cbcffabb2_0.wav
25,ਸ਼ਸਕਲ ਭਜ ਮ ਏਅਰਪਰਟ ਤ ਪਹਚ ਗਈ ਆ ਜ  ਮ ਤਹਡ ਪਮਟ ਕਲਅਰ ਕਰਨ ਐ ਜ ਜ ਤਹਡ ਕਲ਼ ਕਈ ਗਗਲ ਪ ਯ ਪਟਐਮ ਚਲਦ ਐ ਭਜ ਤ ਮਨ ਦਸਦ ਮ ਤਹਡ ਪਮਟ ਕਲਅਰ ਕਰਦਵ ਭਜ  ਥਕਯ ਵਰ ਮਚ,c:\Users\prash\Downloads\ai_speech_project\Punjabi\rv1b\train\5066549580819179.wav
44,ਭਰਤ ਨਕਰ ਬਜਰ ਦ ਹਲਤ ਕਛ ਬਹਤ ਵਧਆ ਨਹ ਐ ਇਥ ਜਹ ਪਹ ਲਖ ਲਕ ਨ ਉਹਨ ਦ ਕਲ ਡਗਰਆ ਤ ਹਨ ਪਰ ਹਥ ਨਲ ਕਮ ਕਰਨ ਦ ਕਈ ਵ ਹਨਰ ਨਹ ਐ ਇਸ ਕਰਕ ਜਹ ਛਟ ਉਦਯਗ ਨ ਉਹਨ ਦ ਵਲ ਬਚ ਘਟ ਉਹਨ ਦ ਰਝਨ ਘਟ ਹ ਰਹ ਹ ਛਟ ਉਦਯਗ ਦ ਵਚ ਗਰਮਟ ਨ ਚਹਦ ਐ ਕ ਛਟ ਉਦਯਗ ਦ ਵਚ ਬਚਆ ਨ  ਵਧ ਤ ਵਧ ਉਤਸ਼ਹਤ ਕਤ ਜਵ ਤ ਕ ਨਕਰਆ ਦ ਵਸਤ ਬਚ ਨ ਜ ਕ ਆਪਣ ਆਪਣ ਕਰਬਰ ਜਹ ਨ ਉਹ ਕਰ ਸਕਣ ਤ ਦਸ ਦ ਜਹ ਅਰਥ ਵਵਸਥ ਹ ਉਹਦ ਵਚ ਵ ਕਛ ਸਧਰ ਹ ਸਕ,c:\Users\prash\Downloads\ai_speech_project\Punjabi\rv1b\train\5066549580828970.wav
13,ਸਸਰਕਲ ਜ ਮ ਤਨਵਰ ਸਘ ਗਲ ਕਰ ਰਹ ਮ ਮ ਠਡ ਵਬਸਈਟ ਤ ਨਚਲ ਗ ਪਰਫਊਮ ਮਗਵਇਆ ਸ ਜਸ ਦ ਡਲਵਰ ਬਹਤ ਲਟ ਹਈ ਹ ਅਤ ਇਸਦ ਪਕਗ ਵ ਬਹਤ ਬਕਰ ਨਕਲ ਅਤ ਮ ਦਸ ਬਟਲ ਮਗਵਈਆ ਸ ਜਸ ਦ ਵਚ ਚਰ ਬਟਲ ਟਟਆ ਹਈਆ ਅਤ ਦ ਬਟਲ ਹ ਠਕ ਨਕਲਆ ਤ ਜਦ ਕ ਬਟਲ ਤਸ ਢਈ ਸ ਐਮ ਐਲ ਦਆ ਦਖਈਆ ਅਸ ਆਪਣ ਵਬਸਈਟ ਤ ਬਟ  ਡਲਵਰ ਲਣ ਤ ਬਅਦ ਮਨ ਪਤ ਲਗਆ ਕ ਇਹ ਤ ਸ ਐਮ ਐਲ ਦਆ ਵ ਨ ਹਗਆ ਤ ਇਹਨ ਦ ਐਕਸਪਇਰ ਡਟ ਵ ਬਹਤ ਨਜ ਨਜਦਕ ਹ  ਮ ਇਸ ਡਲਵਰ ਤ ਖਸ ਨਹ ਹ ਅਤ ਇਸ ਪਰਫਊਮ ਨ ਯ ਕਰਨ ਨਲ ਸਕਨ  ਸਕਨ ਤ ਪਰਬਲਮਸ ਆ ਗਈਆ ਹਨ ਜਸ ਦ ਕਰਨ ਮਰ ਹਥ ਤ ਛਲ ਵ ਹ ਗਏ ਅਤ ਇਸ ਦ ਖਸਬ ਜਦ ਤਸ ਕਹ ਸ ਓਦ ਦ ਨਹ ਨਕਲ ਇਹ ਜਮ ਬਕਰ ਹ ਅਤ  ਅਗ ਤ ਜ ਮਨ ਕਈ ਵ ਪਛਗ ਕ ਠਡ ਵਬਸਈਟ ਤ ਔਰਡਰ ਕਰਨ ਚਹਦ ਹ ਯ ਨਹ ਮ ਉਸ ਨ ਨ ਕਹਗ  ਬ ਇਥ ਕਦ ਵ ਔਰਡਰ ਨ ਕਰਓ ਤ ਬਕ ਜਹ ਵ ਮਰ ਪਸ ਹਨ ਮ  ਚਹਦ ਹ ਕ ਉਹਨ ਨ ਰਫਡ ਕਰ ਦਤ ਜਵ ਤ ਆਪਣ   ਬਟਲ ਵਪਸ ਲ ਜਓ ਮਨ ਇਹ ਨਹ ਚਹਦਆ,c:\Users\prash\Downloads\ai_speech_project\Punjabi\rv1b\train\5066549580813099.wav
75,ਭਜ ਫਰ ਮ ਨ ਤਹਨ ਪਰਸ ਨ ਫਨ ਕਰਗ,c:\Users\prash\Downloads\ai_speech_project\Punjabi\rv1b\train\69d1c4c3-56b8-4aec-b355-739cbcffabb2_0.wav
3,ਪਜਬ ਭਸ ਸਭ ਤ ਜਆਦ ਸਖ ਮਨ ਜਦ ਹ ਤ ਜਹ ਵਪਰ ਅਤ ਹਰ ਵ ਛਤਰ ਹਨ ਉਧਰ ਵ ਪਜਬ ਭਸ ਦ ਉਪਯਗ ਜਆਦਤਰ ਕਤ ਜਦ ਹ,c:\Users\prash\Downloads\ai_speech_project\Punjabi\rv1b\train\5066549580803154.wav
17,ਸਸਰਕਲ ਜ ਮ ਮਨਸ ਗਲ ਕਰ ਰਹ ਹ ਮ ਥਡ ਇਸਟ ਆਈ ਡ ਤ ਥ ਦਨ ਪਹਲ ਇਕ ਫਸ ਕਰਮ ਔਰਡਰ ਕਤ ਸ ਜਸ ਦ ਡਲਵਰ ਮਨ ਪਦਰ ਦਨ ਦ ਵਚ ਅਦਰ ਆਣ ਸ ਬਟ ਉਹ ਅਜ ਇਕ ਮਨਹ ਹ ਗਆ ਹ ਤ ਉਹ ਅਜ ਮਰ ਕਲ ਪਹਚ ਹ ਇਸਦ ਪਕਗ ਦ ਗਲ ਕਰ ਤ ਇਸਦ ਪਕਗ ਬਹਤ ਹ ਜਆਦ ਘਟਆ ਸ ਜ ਮਨ ਬਲਕਲ ਪਸਦ ਨ ਆਈ ਇਸ ਦ ਵਚ ਮਨ ਤਨ ਪਊਚ ਮਲਣ ਸ ਬਟ ਮਨ ਇਕ ਹ ਰਸਵ ਹਇਆ ਹ ਤ ਇਸਦ ਕਆਟਟ ਵ ਬਹਤ ਜਆਦ ਹ ਘਟ ਹ ਐਕਸਪਇਰ ਡਟ ਦ ਗਲ ਕਰ ਐਕਸਪਇਰ ਡਟ ਇਸ ਦ ਬਹਤ ਜਆਦ ਨ ਹ ਸ ਤ ਇਹ ਇਕ ਮਹਗ ਹਣ ਕਰਕ ਇਕ ਇਸਦ ਸਰਵਸ ਬਹਤ ਜਆਦ ਘਟਆ ਹ ਮ ਇਸਨ ਆਪਣ ਹਥ ਤ ਯ ਕਰਕ ਦਖਆ ਸ ਤ ਇਸ ਨ ਮਰ ਹਥ ਤ ਪਰ ਰਸਸ ਕਰਤ ਬਹਤ ਆਦ ਇਹਨ ਮਰ ਹਥ ਖਰਬ ਕਰਤ ਜਸ ਕਰਕ ਮਨ ਡਕਟਰ ਕਲ ਜਣ ਪਆ ਸ ਮਨ ਥਡ ਇਹ ਸਰਵਸ ਬਲਕਲ ਵ ਪਸਦ ਨ ਆਈ ਇਕ ਤ ਇਹ ਬਹਤ ਆਦ ਹ ਮਹਗ ਹਣ ਕਰਕ ਮ ਮਸ ਹ ਇਹ ਔਰਡਰ ਕਤ ਸ ਇਕ ਤ ਇਹ ਔਰਡਰ ਲਟ ਆਇਆ ਠਡ ਤ ਉਪਰ ਤ ਐਨ ਆਦ ਮਹਗ ਐ ਪਲਜ ਕਰਪ ਕਰਕ ਇਸਨ ਰਫਡ ਕਰ ਤ ਜ ਫਰ ਮਰ ਪਸ ਵਪਸ ਕਰ ਅਜਹ ਪਰਡਕਟਸ ਨ ਤਸ ਵਚਣ ਤ ਪਹਲ ਇਕ ਵਰ ਚਕ ਤ ਕਰ ਕ ਜਹ ਥਨ ਤਸ ਅਗ ਦਣ ਹ ਉਸ ਬਦ ਨ ਕਨ ਐਲਰਜ ਕਰਗ ਯ ਕਛ ਕਰਗ ਉਹਦ ਹਲਥ ਹਲਥ ਤ ਵ ਇਹ ਇਫਕਟ ਕਰ ਸਕਦ ਹ ਸ ਪਲਜ ਇਹ ਜਹ ਸਰਵਸ ਨ ਕਰ ਮ ਇਹ ਸਰਵਸ ਤ ਬਹਤ ਆਦ ਨਖਸ ਹ ਕਸ ਕਰਪ ਕਰਕ ਮਰ ਪਸ ਵਪਸ ਕਰ ਧਨਵਦ,c:\Users\prash\Downloads\ai_speech_project\Punjabi\rv1b\train\5066549580813595.wav
38,ਸਡ ਰਜ ਰਟ ਬਜਲ ਤ ਨਰਭਰ ਕਰਦ ਹ ਅਸ ਖਣ ਬਣਉਣ ਵਲ ਇਡਕਸਨ ਚਲ ਦ ਵਰਤ ਕਰਦ ਹ ਤ ਫਰਜ ਦ ਵਰਤ ਵ ਵਧ ਕਤ ਜਦ ਹ ਪਰ ਜਕਰ ਬਜਲ ਦ ਕਟ ਜਆਦ ਹਣ ਜਵ ਕ ਗਰਮਆ ਦ ਵਚ ਕਟ ਜਆਦ ਲਗਦ ਹਨ ਤ ਸਨ ਬਹਤ ਦਕਤ ਆਉਦ ਹ ਵ ਜ ਖਣ ਬਚ ਜਵ ਤ ਉਸਨ ਫਰਜ ਵਚ ਰਖਆ ਜਵ ਤ ਜ ਲਈਟ ਨ ਹਵ ਤ ਖਣ ਖਰਬ ਹ ਸਕਦ ਹ ਪਰ ਸਰਦਆ ਦ ਵਚ ਇਹ ਦਕਤ ਘਟ ਆਉਦ ਹ ਕਉਕ ਸਰਦਆ ਦ ਵਚ ਫਰਜ ਦ ਵਰਤ ਘਟ ਕਤ ਜਦ ਹ,c:\Users\prash\Downloads\ai_speech_project\Punjabi\rv1b\train\5066549580826762.wav
8,ਕ ਤਸ ਚਕ ਕਰ ਸਕਦ ਹ ਕ ਕ ਇਸ ਮਹਨ ਦ ਤਨਖਹ ਮਰ ਯਕ ਬਕ ਦ ਖਤ ਦ ਨ ਤਨ ਛ ਨ ਸਤ ਇਕ ਛ ਨ ਅਠ ਇਕ ਛ ਇਕ ਅਠ ਵਚ ਆਈ ਸ ਅਤ ਜਕਰ ਹ ਤ ਛਤਸਗਹ ਰਜ ਗਰਮਣ ਬਕ ਦ ਖਤ ਤਨ ਨ ਚਰ ਛ ਸਤ ਨ ਪਜ ਤਨ ਚਰ ਇਕ ਚਰ ਇਕ ਛ ਦ ਵਚ ਗਗਲ ਪ ਰਹ ਵਚ ਤਨ ਸ ਰਪਈਏ ਟਰਸਫਰ ਕਰ ਦ,c:\Users\prash\Downloads\ai_speech_project\Punjabi\rv1b\train\5066549580807742.wav
65,ਅਛ ਜ,c:\Users\prash\Downloads\ai_speech_project\Punjabi\rv1b\train\69d1c4c3-56b8-4aec-b355-739cbcffabb2_0.wav
6,ਪਜਬ ਭਸ ਸਭ ਤ ਜਆਦ ਸਰਲ ਭਸ ਮਨ ਜਦ ਹ ਅਤ ਉਹ ਸਡ ਸਭਆਚਰ ਨ ਵ ਪਰਭਵਤ ਕਰਦ ਹ ਹਰ ਭਸਵ ਨਲ ਪਜਬ ਭਸ ਜਹ ਸਭ ਤ ਜਆਦ ਸਨ ਆਪਣ ਵਚਰ ਪਰਗਟ ਕਰਨ ਦ ਇਕ ਸਹਲਅਤ ਦ ਦਦ ਹ,c:\Users\prash\Downloads\ai_speech_project\Punjabi\rv1b\train\5066549580803154.wav
36,ਪਜਬ ਵਚ ਸਹਰ ਅਤ ਪਡ ਖਤਰ ਵਚ ਸਭਆਚਰਕ ਅਤਰ ਸਫ ਦਖਣ ਨ ਮਲਦ ਹ  ਪਜਬ ਦ ਪਡ ਪਜਬ ਦ ਸਭਆਚਰ ਦਆ ਜ ਨਲ ਜ ਹਨ ਪਡ ਵਚ ਭਈਚਰ ਅਤ ਸਝ ਦਖਣ ਨ ਮਲਦ ਹ ਇਸ ਦ ਉਲਟ ਸਹਰ ਖਤਰ ਵਚ ਲਕ ਆਪਣ ਆਪਣ ਜਵਨ ਦ ਵਚ ਐਨ ਮਸਰਫ ਹਨ ਕ ਉਹਨ ਨ ਕਸ ਦ ਕਸ ਦ ਦਖ ਸਖ ਬਰ ਆਦ ਖਬਰ ਨਹ ਰਹਦ ਪਡ ਵਚ ਲਕ ਇਕ ਦਜ ਦ ਦਖ ਅਤ ਸਖ ਵਚ ਹਮਸ ਖ ਮਲਦ ਹਨ,c:\Users\prash\Downloads\ai_speech_project\Punjabi\rv1b\train\5066549580826210.wav
72,ਅਛ ਜ,c:\Users\prash\Downloads\ai_speech_project\Punjabi\rv1b\train\69d1c4c3-56b8-4aec-b355-739cbcffabb2_0.wav
58,ਅਛ ਜ,c:\Users\prash\Downloads\ai_speech_project\Punjabi\rv1b\train\69d1c4c3-56b8-4aec-b355-739cbcffabb2_0.wav
46,ਮਜਦ ਜ ਸਮ ਚਲ ਰਹ ਇਹਦ ਵਚ ਵਗਆਪਨ ਇਕ ਕਈ ਤਰਕਆ ਨਲ ਲਕ ਦ ਵਚ ਪਹਚਆ ਜ ਸਕਦ ਹ ਜਵ ਜਹ ਇਟਰਨਟ ਦ ਜ ਮਧਅਮ ਹਨ ਉਹ ਹ ਯਟਊਬ ਫਸਬਕ ਵਗਰ ਜ ਇਸਗਰਮ ਯ ਸਨਪਚਟ ਇਸ ਤਰਹ ਦ ਹਗ ਨ ਤ ਹਰ ਜਹ ਪਰਣ ਜਹ ਤਰਕ ਸਨ ਉਹ ਪਪਰ ਦ ਵਚ ਪਪਲਟ ਦ ਕ ਨਊਪਪਰ ਦ ਵਚ ਇਸ ਤਰਹ ਦ ਤਰਕ ਸਨ ਪਰ ਜ ਅਜ ਕਲਹ ਦ ਜਹ ਹ ਇਟਰਨਟ ਦ ਮਧਅਮ ਇਹ ਬਹਤ ਈ ਵਧਆ ਹ ਤ ਇਸ ਦ ਜਹ ਯਸਰ ਹ ਉਪਭਗਤ ਹ ਉਹ ਹਰ ਇਕ ਕਫ ਲਕ ਕਰਦ ਨ ਸਮਰਟ ਫਨ,c:\Users\prash\Downloads\ai_speech_project\Punjabi\rv1b\train\5066549580829158.wav
77,ਦਸ ਦਓ,c:\Users\prash\Downloads\ai_speech_project\Punjabi\rv1b\train\69d1c4c3-56b8-4aec-b355-739cbcffabb2_0.wav
15,ਸਡ ਖਤਰ ਵਚ ਬਹਤ ਸਰਆ ਮਨਰਜਨ ਦਆ ਗਤਵਧਆ ਹਨ ਜਵ ਕ  ਜਆਦਤਰ ਲਕ ਆਪਣ ਮਨਰਜਨ ਖਡ ਕ ਕਰਦ ਹਨ ਇਥ ਬਹਤ ਸਰ ਜਮ ਹਨ ਜਥ ਜ ਕ ਲਕ ਮਨਰਜਨ ਕਰਦ ਹਨ ਅਤ ਐਕਸਰਸਈਜ ਘਟ ਕਰਦ ਹਨ ਇਥ ਬਹਤ ਸਰ ਗਰਪ ਬਣ ਹਏ ਹਨ ਜਥ ਜ ਕ ਲਕ ਗਲਬਤ ਕਰਤ ਹਨ ਅਤ ਆਪਣ ਮਨ ਨ ਸਕਨ  ਪਰਪਤ ਕਰਤ ਹਨ ਇਥ  ਵਖ ਵਖ ਥਵ ਹਨ ਅਤ ਵਖ ਵਖ ਤਰਹ ਦ ਲਕ ਰਹਦ ਹਨ ਇਥ ਸਰ ਲਕ ਸਮ ਨ ਪਰਕ ਵਚ ਕਠ ਹਦ ਹਨ ਅਤ ਘਮਦ ਫਰਦ ਹਨ ਅਤ ਆਪਣ ਮਨਰਜਨ ਕਰਦ ਹਨ ਇਥ ਬਹਤ ਸਰ ਮਲ ਬਣ ਹਏ ਹਨ ਜਹਨ ਵਚ ਪ ਵ ਆਰ ਅਤ ਸਨਮ ਵ ਹ ਉਥ ਵ ਜ ਕ ਲਕ ਮਨਰਜਨ ਕਰਦ ਹਨ ਅਤ ਆਪਣਆ ਮਨਪਸਦ ਮਵਆ ਦਖਦ ਹਨ,c:\Users\prash\Downloads\ai_speech_project\Punjabi\rv1b\train\5066549580813120.wav
27,ਜਦ ਸਭ ਤ ਪਹਲ ਮ ਕਕ ਬਣਉਣ ਦ ਰਸਪ ਸ ਜ ਹ ਮ ਇਕ ਬਕ ਦ ਵਚ ਮ ਪਹ ਸ ਬਟ ਮ ਉਸ ਰਸਪ ਨ ਬਣਉਣ ਦ ਟਈਮ ਉਸ ਬਕ ਨ ਆਪਣ ਨਲ ਨਹ ਰਖਆ ਤ ਮ ਜਦ ਕਕ ਬਣਉਣ ਲਗ ਤ ਮ ਉਸ ਦ ਵਚ ਕਛ ਚਜ ਪਉਣ ਵ ਭਲ ਗਈ ਤ ਮ ਜ ਟਈਮ ਸ ਉਹ ਵ ਮਨ ਪਤ ਨਹ ਸ ਕ ਪਰ ਕਨ ਲਗਉਣ ਆ ਤ ਜ ਮਰ ਕਕ ਸ ਉਹ ਬਲਕਲ ਹ ਜਲ ਚਕਆ ਸ ਤ ਮਰ ਟਈਮ ਵ ਵਸਟ ਹਇਆ ਤ ਜ ਮ ਲਆਦਆ ਹਈਆ ਚਜ ਸ ਕਕ ਬਣਉਣ ਦ ਲਈ ਮਰਆ ਉਹ ਵ ਵਸਟ ਗਈਆ ਤ ਮ ਅਗਲ ਵਰ ਜਦ ਵ ਆਪਣ ਕਈ ਰਸਪ ਬਣਉਗ ਤ ਮ ਇਸ ਚਜ ਦ ਧਆਨ ਰਖਗ ਕ ਪਹਲ ਤ ਮ ਰਸਪ ਨ ਚਗ ਤਰਹ ਪਹ ਤ ਫਰ ਟਈਮ ਦ ਅਕਡਗ ਹ ਜਨ ਕ ਟਈਮ ਉਸ ਰਸਪ ਬਣਨ ਨ ਚਹਦ ਆ ਮ ਸਰਫ ਉਨ ਹ ਟਈਮ ਦਊਗ ਮ ਅਗਲ ਵਰ ਇਸ ਚਜ ਦ ਧਆਨ ਰਖਗ,c:\Users\prash\Downloads\ai_speech_project\Punjabi\rv1b\train\5066549580820742.wav
41,ਕਈ ਵਧਆ ਜਹ ਸਨ ਰਸਟਰਟ ਦਸ ਦਓ ਜਸ ਵਚ ਅਸ ਠਹਰ ਸਕਏ ਅਸ ਦਸ ਜਣ ਆ ਤ ਕ ਤਸ ਉਸ ਦ ਹਸਬ ਨਲ ਵਡ  ਗਡ ਲ ਲਓ ਤ ਕ ਸਡ ਸਮਨ ਉਸ ਵਚ ਆ ਜਵ ਤ ਅਸ ਸਰ  ਵਧਆ ਨਲ ਐਡਜਸਟ ਹ ਜਈਏ ਤ ਉਥ ਕਨ ਥਆਨ ਨਣ ਦਵ ਜਣ ਦ ਕਨ ਪਸ ਲਗਦ ਆ ਸਨ ਉਹ ਵ ਤਸ ਦਸ ਦਓ ਤ ਕ ਅਸ ਥਆਨ ਫਸ ਵ ਦ ਦਏ ਤ ਸਨ ਮਤ ਸਲਹ ਤਰਕ ਨ ਜਣ ਏ ਤ ਅਗ ਅਠਰਹ ਨ ਆਣ ਹਗ ਤ ਘਰ ਸਡ ਹਗ ਏ ਆਸਰ ਪਡ ਹਗ ਏ ਸਨ ਉਥ ਤਸ ਲਣ ਹਗ ਵਪਸ ਸਨ ਉਥ ਲ ਕ ਜਣ ਏ ਘਰ ਨ ਠਕ ਐ ਸਰ ਓਕ ਸਰ ਥਕਯ,c:\Users\prash\Downloads\ai_speech_project\Punjabi\rv1b\train\5066549580827068.wav
26,ਸਡ ਮਹਲ ਜਲਹ ਦ ਪਡ ਬਲ ਮਜਰ ਵਚ  ਕਬਡ ਦ ਟਰਨਮਟ ਹਦ ਏ ਉਥ ਬਚ ਬਡ ਸਆਣ ਸਰ ਵਧ ਚਹ ਕ ਹਸ ਲਦ ਹਨ ਤ ਸਰ ਪਰਵਰ ਸਮਤ ਆਉਦ ਹਨ ਕਬਡ ਦ ਕਪ ਦ ਵਚ  ਬਹਤ ਹ ਹਣਹਰ ਨਜਵਨ ਭਗ ਲਦ ਹਨ  ਤ ਸਨ ਬਚਆ ਨ ਤ ਬਆ ਨ ਸਖਣ ਦ ਉਹਨ ਤ ਮਕ ਮਲਦ ਹ ਤ ਜਹ ਬਚ  ਬ ਖਡ ਕਨ ਨ ਧਆਨ ਨਹ ਦਦ ਉਹਨ ਦ ਉਤਸਹ ਵਧਦ ਹ ਤ ਉਹਨ ਨ ਜਗਰਤ ਮਲਦ ਹ ਕ ਅਸ ਅਗ ਕਦਮ ਚਕਣ ਐ ਤ ਅਸ ਵ ਖਡਣ ਹ,c:\Users\prash\Downloads\ai_speech_project\Punjabi\rv1b\train\5066549580819207.wav
48,ਹਲ,c:\Users\prash\Downloads\ai_speech_project\Punjabi\rv1b\train\69d1c4c3-56b8-4aec-b355-739cbcffabb2_0.wav
24,,c:\Users\prash\Downloads\ai_speech_project\Punjabi\rv1b\train\5066549580815500.wav
43,ਤ ਅਸ ਅਸ ਮਸ ਐਪ ਤ ਇਹ ਮਗਇਆ ਸ ਅਸ ਕਈ ਵਰ ਸਨ ਇਹ ਪਰਡਕਟ ਇਨ ਜਆਦ ਖਰਬ ਆ ਜਦ ਹਨ ਕ ਮਤਲਬ ਕ ਜ ਚਜ ਅਸ ਦਖਦ ਆ ਨ ਉਹ ਚਜ ਆਦ ਈ ਨ ਐ ਕਛ ਹਰ ਏ ਆ ਜਦ ਇਦ ਲਗਦ ਪਤ ਨ ਕਆ ਆ ਗਆ ਮਰ ਨਲ ਇਹ ਕਫ ਵਰ ਹ ਗਆ ਏ ਮ ਕਈ ਵਰ ਮਤਲਬ ਕ ਸ ਵ ਐਨ ਵਰ ਮਗਈ ਐ ਸ ਦ ਮਤਲਬ ਕ ਬਰਡਰ ਕਫ ਜਆਦ ਉਹ ਚ ਗਪ ਵ ਹਦ ਐ ਤ ਫਰ ਹਣ ਨ ਸਨ ਇਹ ਵ ਲਗਦ ਸਚਣ ਚ ਵ ਮ ਐਦ ਲਗਦ ਕ ਹਣ ਕਆ ਮਗਈਏ ਕਆ ਨ ਜਦ ਸਡ ਨਲ ਪਹਲ ਹਇਆ ਤ ਫਰ ਤ ਦਬਰ ਨ ਇਦ ਦ  ਪਰਡਕਟ ਸਨ ਦਬਰ ਦ ਦਣ ਤ ਫਰ ਹਣ ਤ ਮਸ਼ ਤ ਐਦ ਲਗਦ ਕ ਹਣ ਕਛ ਰਹਣ ਦਏ ਮਗਣ ਨ,c:\Users\prash\Downloads\ai_speech_project\Punjabi\rv1b\train\5066549580827069.wav
76,ਹ ਮਨ ਫਰ ਲਈਵ ਲਕਸ਼ਨ ਕਰ ਦਓ ਸਡ ਕਰ ਦਓ,c:\Users\prash\Downloads\ai_speech_project\Punjabi\rv1b\train\69d1c4c3-56b8-4aec-b355-739cbcffabb2_0.wav
57,ਹਜ ਹਰ ਜ,c:\Users\prash\Downloads\ai_speech_project\Punjabi\rv1b\train\69d1c4c3-56b8-4aec-b355-739cbcffabb2_0.wav
11,ਐਪਲਕਸਨ ਆਈ ਡ ਕ ਈ ਦ ਜਰ ਦ ਇਕ ਅਠ ਨ ਚਰ ਪਜ ਪਜ ਇਕ ਜਰ ਸਤ ਪਜ ਜਰ ਤਨ ਅਠ ਚਰ ਅਤ ਜਨਮ ਮਤ ਪਚ ਚਰ ਦ ਹਰ ਉਨ ਦ ਵਰਤ ਕਰਕ ਰਸ਼ਟਰ ਸਕਲਰਸਪ ਪਰਟਲ ਤ ਮਰ ਨਵਨਕਰਨ ਅਰਜ ਦ ਸਥਤ ਦ ਪਤ ਕਰ,c:\Users\prash\Downloads\ai_speech_project\Punjabi\rv1b\train\5066549580812234.wav
32,ਮ ਆਪਣ ਡਲਹਜ ਦ ਯਤਰ ਦ ਵਰਣਨ ਕਰਨ ਚਹਦ ਆ ਜਥ ਮ ਇਕ ਸਵ ਮਦਰ ਦ ਦਰਸਨ ਕਰਨ ਗਈ ਸ ਉਹ ਮਦਰ ਐਨ ਉਚਈ ਤ ਸਗ  ਕ ਅਸ ਲਗਭਗ ਬਦਲ ਦ ਵਚ ਹ ਆ ਜਦ ਸਗ  ਤ ਜਦ ਉਥ ਨਰ ਹਦ ਸ ਜਦ ਮਤਲਬ ਕ  ਮਹ ਪਣ ਵਲ਼ ਹਦ ਸ ਤ ਬਦਲ ਕਲ ਹਦ ਸਗ  ਤ ਉਥ ਆਲ਼ ਦਆਲ਼ ਨਰ ਹ ਜਦ ਸਗ ਤ ਮਨ ਜਆਦਤਰ ਨਰ ਤ ਡਰ ਲਗਦ ਹਦ ਸ ਪਰ ਜਦ ਮ ਉਥ ਗਈ ਆ ਤ ਫਰ ਇਕ ਤਰਹ ਦ ਇਹ ਹਇਆ ਕ ਨਰ ਜਹ ਹਦ ਡਰ ਜਹ ਹਦ ਏ ਆ ਉਹ ਇਕ ਆਪਣ ਮਨ ਦ ਵਹਮ ਹਦ ਆ  ਇਹ ਹਦ ਕਛ ਨ ਤ ਅਸਲ ਵਚ ਉਥ ਹ ਮ ਆਪਣ ਡਰ ਤ ਦਰ ਕਰਕ ਆਈ ਦਰ ਕਰਕ ਆਈ ਆ,c:\Users\prash\Downloads\ai_speech_project\Punjabi\rv1b\train\5066549580824287.wav
74,ਅਛਆ,c:\Users\prash\Downloads\ai_speech_project\Punjabi\rv1b\train\69d1c4c3-56b8-4aec-b355-739cbcffabb2_0.wav
59,ਮ ਕਹ ਭਜ ਆਪਣ ਰਟ ਕਆ ਜ,c:\Users\prash\Downloads\ai_speech_project\Punjabi\rv1b\train\69d1c4c3-56b8-4aec-b355-739cbcffabb2_0.wav
63,ਅਛ ਜ,c:\Users\prash\Downloads\ai_speech_project\Punjabi\rv1b\train\69d1c4c3-56b8-4aec-b355-739cbcffabb2_0.wav
69,ਅਛ,c:\Users\prash\Downloads\ai_speech_project\Punjabi\rv1b\train\69d1c4c3-56b8-4aec-b355-739cbcffabb2_0.wav
37,ਪਜਬ ਵਚ ਸਵ ਸਹਲਤ ਬਹਤ ਅਛਆ ਨ ਹਗਆ ਔਰਤ ਬਚਆ ਤ ਬਜਰਗ ਨ ਜ ਐਮਰਜਸ ਦ ਦਰਨ ਲ ਪਜ ਤ ਉਹਨ ਨ ਪਰਈਵਟ ਸਹਲਤ ਵਲ ਈ ਜਣ ਪਦ ਹ ਖਸ ਕਰਕ ਇਹ ਕਹਣ ਚਹਵਗ ਕ ਬਜਰਗ ਦ ਸਵ ਸਭਲ ਵ ਵਸਤ ਗਰਮਟ ਨ ਇਕ  ਸਟਫ ਦ ਗਠਨ ਕਰਨ ਚਹਦ ਹ ਜ ਕ ਲਕ ਨ  ਬਜਰਗ ਲਕ ਨ ਘਰ ਜ ਕ ਉਹਨ ਦ ਦਖਭਲ ਕਰ ਸਕ ਅਤ ਉਹ ਵਜਬ ਰਟ ਤ ਹ ਸਕ ਕਉਕ ਅਜ ਕਲਹ ਬਜਰਗ ਦ ਕਫ ਬਚ ਬਹਰ ਸਟਲ ਹ ਗਏ ਹਨ,c:\Users\prash\Downloads\ai_speech_project\Punjabi\rv1b\train\5066549580826337.wav
29,ਮ ਬਰਹ ਤਰਹ ਸਲ ਦ ਸ ਛਟ ਜਦ ਮ ਤਰਕ ਸਖ ਮਨ ਤਰਕ ਮਰ ਵਡ ਭਰ ਨ ਸਖਈ ਆਪ ਛਟ ਹਦ ਰਜ ਹਫਤ ਚ ਕਈ ਦਨ ਤਕ ਹਫਤ ਦ ਮਸਟਲ ਦਨ ਵਚ ਆਪ  ਸਵਮਗ ਪਲ ਚ ਜਦ ਸ ਅਤ ਉਥ ਮਰ ਵਡ ਭਰ ਮਨ ਸਖਉਦ ਸ  ਸਰ ਸਰ ਚ ਮਨ ਬਹਤ ਡਰ ਲਗਦ ਸ ਸਵਮਗ ਤ ਕਉ ਜਦ ਪਣ ਦਖ ਕ ਮ ਡਰ ਜਦ ਸ ਤ ਮਰ ਸਹ ਫਲ ਜਦ ਸ ਪਰ ਹਲ ਹਲ ਟਈਮ ਦ ਨਲ ਮਨ ਮਰ ਭਰ ਨ ਸਖਇਆ ਤ ਹਲ ਹਲ ਮਨ ਇਹ ਵਧਆ ਤਰਕ ਆ ਗਈ ਤ ਮ ਕਫ ਚਗ ਤਰਹ ਤਰਕ ਸਖ ਗਆ ਤ ਹਣ ਮਨ ਇਹ ਕਈ ਇਹ ਕਈ ਸਟਰਕ ਸਵਮਗ ਦਆ ਕਈ ਸਟਰਕਸ ਆਉਦਆ ਹਨ  ਬਲਕ ਫਲਪਗ  ਡਪ ਸਵਮਗ ਕਈ ਅਤ ਹਰ ਵ ਕਈ ਤਰਹ ਦ ਸਵਮਗ ਦ ਟਕਟਕਸ ਮ ਜਣਦ ਹ,c:\Users\prash\Downloads\ai_speech_project\Punjabi\rv1b\train\5066549580823764.wav
1,ਕ ਤਸ ਦਖ ਸਕਦ ਹ ਕ ਕਉ ਇਸ ਮਹਨ ਦ ਤਨਖਹ ਮਰ ਤਮਲਨਡ ਮਰਕ ਟਈਲ ਬਕ ਦ ਖਤ ਨ ਪਜ ਪਜ ਨ ਪਜ ਛ ਪਜ ਇਕ ਅਠ ਪਜ ਸਤ ਪਜ ਤਨ ਦ ਵਚ ਆਈ ਹ ਅਤ ਜਕਰ ਹ ਤ ਕਰਲ ਗਰਮਣ ਬਕ ਦ ਖਤ ਇਕ ਅਠ ਛ ਇਕ ਨ ਇਕ ਦ ਦ ਤਨ ਸਤ ਅਠ ਸਤ ਚਰ ਪਜ ਇਕ ਅਠ ਵਚ ਯਨ ਐਸ ਬ ਆਈ ਰਹ ਨ ਰ ਰ ਰ ਰ ਰਪਏ ਟਰਸਫਰ ਕਰ,c:\Users\prash\Downloads\ai_speech_project\Punjabi\rv1b\train\5066549580802376.wav
52,ਮ ਕਹ ਭਜ ਆਹ ਤਹਡ ਨਬਰ ਮਨ ਦਤ ਸਗ ਮਨ ਮਨ ਨ ਜ,c:\Users\prash\Downloads\ai_speech_project\Punjabi\rv1b\train\69d1c4c3-56b8-4aec-b355-739cbcffabb2_0.wav
21,ਮਨ ਡਸ ਕਰਨ ਬਹਤ ਆਦ ਵਧਆ ਲਗਦ ਹ ਜਦ ਕਈ ਖਸ ਦ ਪਰਗਰਮ ਹਦ ਸ ਤ ਮ ਸਭ ਤ ਪਹਲ ਜ ਕ ਡਸ ਕਰਦ ਸ ਸਕਲ ਵਚ ਵ ਜਦ ਕਈ ਵ ਪਰਗਰਮ ਹਦ ਸ ਜ ਸਭਆਚਰ ਕਈ ਵ ਪਰਗਰਮ ਹਦ ਸ ਮ ਬਲਆ ਵਚ ਪਰਟਸਪਟ ਜਰਰ ਕਰਦ ਹਦ ਸ ਜਸ ਕਰਕ ਮਨ ਇਨਮ ਬ ਬਹਤ ਮਲਦ ਹਦ ਸ ਵਆਹ ਦ ਗਲ ਕਰਏ ਤ ਜਦ ਅਸ ਵਆਹ ਹਦ ਸ ਸਡ ਸਡ ਪਡ ਵਚ ਜ ਸਡ ਨ ਤ ਜ ਸਡ ਰਸਤਦਰ ਕਤ ਵ ਵਆਹ ਹਦ ਸ ਤ ਅਸ ਸਰ ਚਚ ਤਏ ਦ ਬਚ ਕਠ ਹ ਕ ਸਰ ਬਹਤ ਆਦ ਧਮ ਮਚਦ ਸਨ ਸਭ ਨਚਦ ਟਪਦ ਸਨ ਬਲਆ ਤ ਬਲਆ ਬਲਆ ਤ ਨਚਦ ਸਨ ਬਲਆ ਸਡ ਸਭਆਚਰ ਦਆ ਬਲਆ ਹਦਆ ਹਨ ਜਨਹ ਤ ਡਸ ਕਰਨ ਬਹਤ ਆਦ ਵਧਆ ਲਗਦ ਹ,c:\Users\prash\Downloads\ai_speech_project\Punjabi\rv1b\train\5066549580813613.wav
2,ਪਜਬ ਭਸ ਗਲ ਕਰਨ ਦ ਇਕ ਸਭ ਤ ਸਖ ਸਧਨ ਮਨ ਜਦ ਹ ਜਨ ਵ ਸਡ ਇਤਹਸ ਸ ਉਹ ਸਰ ਗਰਥ ਵਗਰ ਪਜਬ ਭਸ ਵਚ ਲਖ ਜਦ ਹਨ ਤ ਕ ਲਕ ਨ ਪਹਨ ਵਚ ਤ ਉਹਨ ਨ ਸਮਝਣ ਵਚ ਅਤ ਆਪਣ ਰਜ ਲਈਫ ਵਚ ਉਹਨ ਨ ਇਸਤਮਲ ਕਰਨ ਲਈ ਕਮ ਆ ਸਕ,c:\Users\prash\Downloads\ai_speech_project\Punjabi\rv1b\train\5066549580803154.wav
23,ਮਹਲ ਜਲਹ ਵਚ ਬਹਤ ਜਗਹ ਐ ਜਥ ਆਪ ਘਮਣ ਜਨ ਆ ਔਰ ਬਹਤ ਅਛ ਅਛ ਮਨਰਜਨ ਦਆ ਜਗਹ ਐ ਜਥ ਆਪ ਜ ਸਕਦ ਅਨ ਜਸ ਤਰਹ ਕ ਚਪਚ ਜ ਇਕ ਬਹਤ ਅਛ ਪਰਕ ਬਣਆ ਹਇਆ ਦਖਨ ਯਗ ਐ ਉਥ ਪਜਬ ਪਜਬ ਬਰ ਬਹਤ ਕਛ ਦਸਆ ਗਆ ਉਸ ਤ ਇਲਵ ਮਲ ਮਲ ਲਗ ਲਓ ਡ ਮਟ ਲਗ ਲਓ ਔਰ ਮਰਕਟਸ ਜਸ ਤਰਹ ਥਰ ਬ ਟ ਦ ਮਰਕਟ ਹ ਗਈ ਔਰ ਆਪ ਜਥ ਜਨ ਆ ਘਮਣ ਫਰਨ ਥਏਟਰ ਚ ਸਲਮ ਜਸ ਤਰਹ ਮਵਜ ਦਖਣ ਜਨ ਆ ਆਪ ਫਲਮ ਦਖਣ ਚਲ ਜਨ ਆ ਕਈ ਵਰ ਆਪਣ ਬਚਆ ਨਲ ਫਮਲ ਨਲ ਅਛ ਟਈਮ ਸਪਡ ਹਦ ਉਥ ਔਰ ਉਸ ਤ ਇਲਵ ਆਪ ਮਰਕਟ ਚਲ ਜਨ ਆ ਥਰ ਬ ਟ ਦ ਮਰਕਟ ਚ ਸਪਗ ਕਰ ਲਓ ਰ ਮਰਕਟ ਐ ਹਰ ਵ ਕਈ ਜਗਹ ਐ ਜਥ ਆਪ ਜਣ ਮਤਲਬ ਪਸਦ ਕਰਦ ਆ ਜਆਦਤਰ ਔਰ  ਉਰ ਇਕ ਕਰਕਟ ਵਲ ਉਹ ਵ ਹਗ ਏ ਸਟਡਅਮ ਜਥ ਕਰਕਟ ਦਖਨ ਦ ਬਹਤ ਅਛ ਮਜ ਆਦ ਜਆਦਤਰ ਪਜਬ ਜਦ ਅਨ ਔਰ ਕਬਡ ਵਗਰ ਦ ਸਟਡਅਮ ਵ ਜਥ ਕਬਡ ਖਲ ਜਦ ਐ ਆਮ ਪਡ ਵਚ ਜਆਦਤਰ ਕਬਡ ਦ ਮਚ ਹਦ ਐ ਆਸ ਪਸ ਔਰ ਜਦ ਨ ਲਕ ਦਖਨ ਕ ਜਆਦ ਮਲ ਲਗਦ ਆ ਜਸ ਤਰਹ ਮਲ ਹਣ ਪਛ  ਖ ਦ ਮਲ ਹ ਕ ਹਟਐ ਜ ਕ ਬਹਤ ਅਛ ਮਲ ਸ ਸਰ ਲਕ ਉਧਰ ਵ ਜਦ ਨ ਦਖ,c:\Users\prash\Downloads\ai_speech_project\Punjabi\rv1b\train\5066549580813686.wav
20,ਮ ਘਮਣ ਫਰਨ ਦ ਬਹਤ ਆਦ ਸਕਨ ਹ ਮਨ ਵਖ ਵਖ ਥਵ ਤ ਘਮਣ ਬਹਤ ਆਦ ਹ ਪਸਦ ਐ ਪਰ ਜ ਮਖ ਤਰ ਤ ਗਲ ਕਰ ਤ ਮਨ ਅਮਰਤਸਰ ਜਣ ਬਹਤ ਆਦ ਪਸਦ ਹ ਕਉਕ ਇਹ ਸਖ ਦ ਇਕ ਤਰਥ ਅਸਥਨ ਹ ਜਥ ਬਹਤ ਸਰ ਲਕ ਆਦ ਜਦ ਰਹਦ ਹਨ ਤ ਬਹਤ ਬਹਰ ਵ ਲਕ ਐਥ ਮਥ ਟਕਣ ਆਉਦ ਹਨ ਇਸ ਦ ਸਥਪਨ ਸਈ ਮਆ ਮਰ ਜ ਨ ਰਖ ਸ ਇਹ ਸਖ ਦ ਤਰਥ ਅਸਥਨ ਹ ਇਸ ਦ ਜਹ ਬਹਰਲ ਪਸਨ ਹ ਉਹ ਸਰ ਗਲਡਨ  ਸਨ ਦ ਬਣਆ ਸਨ ਦ ਪਰਤ ਨਲ ਬਣਆ ਹਇਆ ਹ ਜਸ ਕਰਕ ਉਸਨ ਗਲਡਨ ਟਪਲ ਵ ਕਹਦ ਹਨ ਇਹ ਸਖ ਵਚ ਬਹਤ ਹ ਮਸਹਰ ਹ ਜਵ  ਮਸਲਮਨ ਦ  ਮਸਲਮਨ ਤ ਤਰਥ ਸਥਨ ਹਦ ਹ ਉਵ ਹ ਸਡ ਸਖ ਦ ਇਕ ਤਰਥ ਅਸਥਨ ਹਦ ਹ ਲਕ ਐਥ ਆਪਣ ਸਰਧ ਲ ਕ ਆਦ ਹਨ  ਸਖ ਸਖਦ ਹਨ ਬਹਤ ਕਛ ਕਰਦ ਹਨ ਐਥ ਆ ਕ ਪਠ ਸਣਦ ਹਨ ਕਰਤਨ ਸਣਦ ਹਨ ਤ ਸਨ ਜਸ ਕਰਕ ਸਨ ਮਨ ਦ ਸਤ ਮਲਦ ਹ ਅਸ ਬਹਤ ਸਰ  ਅਸ ਵ ਐਥ ਹਰ ਸਲ ਜਦ ਰਹਦ ਹ ਜ ਜਸ ਕਰਕ ਸਨ ਬਹਤ ਹ ਮਨ ਦ ਸਤ ਮਲਦ ਰਹਦ ਹ ਇਹ ਸਡ ਤਰਥ ਅਸਥਨ ਹ ਤ ਅਸ ਇਸਨ ਬਹਤ ਸਤਕਰ ਕਰਦ ਹ,c:\Users\prash\Downloads\ai_speech_project\Punjabi\rv1b\train\5066549580813609.wav
60,ਅਛ ਜ,c:\Users\prash\Downloads\ai_speech_project\Punjabi\rv1b\train\69d1c4c3-56b8-4aec-b355-739cbcffabb2_0.wav
71,ਅਛ ਜ  ਭਜ  ਕਨਆ ਕ ਐ,c:\Users\prash\Downloads\ai_speech_project\Punjabi\rv1b\train\69d1c4c3-56b8-4aec-b355-739cbcffabb2_0.wav
14,ਪਜਬ ਭ ਭਸ ਵਖ ਵਖ ਥਵ ਤ ਵਖ ਵਖ ਭਮਕ ਨਭਉਦ ਹ ਜਵ ਕ  ਇਹ ਹਰ ਇਕ ਨਟਕ ਵਚ ਤ ਸਕਲ ਵਚ ਵ ਬਲ ਜਦ ਹ ਇਹ ਇਡਆ ਦ ਮਖ ਭਸ ਬਣ ਚਕ ਹ ਅਤ ਬਹਤ ਸਰ ਲਕ ਇਹਨ ਬਲਦ ਹਨ  ਤ ਬਹਤ ਸਰ ਫਵ  ਮਸਹਰ ਸਲਬਰਟਸ ਵ ਇਹਦ  ਇਹਦ ਵਰਤ ਕਰਦ ਹਨ ਜਵ ਕ ਸਧ ਮਸਵਲ ਇਸ ਨ ਬਹਤ ਅਗ ਲਕ ਗਆ ਹ ਅਤ ਪਲਵਡ ਵਚ ਵ ਖਸ ਕਰਕ ਪਜਬ ਭਸ ਬਲ ਜਦ ਹ ਅਤ ਬਹਤ ਸਰ ਨਜਵਨ ਪਜਬ ਬਲਣ ਵਲ ਬਹਰ ਵ ਜ ਚਕ ਹਨ ਅਤ ਉਹ ਬਹਰ ਜ ਕ ਵ ਆਪਣ ਪਜਬ ਭਸ ਦ ਨਮ ਰਸਨ ਕਰਨ ਵਚ ਸਫਲ ਹਏ ਹਨ ਅਤ ਬਹਤ ਸਰ ਕਲਜ ਹਨ ਅਤ  ਬਹਰਲਆ ਸਟਟ ਹਨ ਜਨ ਵਚ ਪਜਬ ਨ ਪਹਲ ਨਬਰ ਤ ਰਖਆ ਗਆ ਹ ਜਵ ਕ ਕਨਡ ਵਚ ਟਰਟ ਤ ਬਰਮਟਨ ਇਥ ਜਆਦਤਰ ਪਜਬ ਲਕ ਰਹਦ ਹਨ ਇਥ  ਇਗਲਸ ਨ ਸਕਡ ਲਗਏਜ ਮਨ ਕ ਪਜਬ ਨ ਫਸਟ ਲਗਏਜ ਘਸਤ ਕਤ ਗਆ ਹ ਅਤ ਬਹਤ ਸਰ ਨਜਵਨ ਭਰਤ ਵਚ ਰਹ ਕ ਪਜਬ ਭਸ ਹ ਬਲਦ ਹਨ ਇਹ ਇਗਲਸ ਨਹ ਬਲਣ ਚਹਦ ਹਨ,c:\Users\prash\Downloads\ai_speech_project\Punjabi\rv1b\train\5066549580813111.wav
51,ਮ ਦਲ ਤ ਬਲ ਰਹ ਭਜ,c:\Users\prash\Downloads\ai_speech_project\Punjabi\rv1b\train\69d1c4c3-56b8-4aec-b355-739cbcffabb2_0.wav
